model_instance_id	evaluable_patient_n	final_class
PF4C-B1-001	59	malignant-dominant
PF4C-B1-002	59	malignant-dominant
PF4C-B1-003	59	malignant-dominant
PF4C-B1-004	59	malignant-dominant
PF4C-B1-005	59	unstable
PF4C-B1-006	59	malignant-dominant
PF4C-B1-007	59	TME-dominant
PF4C-B1-008	59	mixed
PF4C-B1-009	59	malignant-dominant
PF4C-B1-011	59	malignant-dominant
PF4C-B1-012	59	unstable
PF4C-B1-013	59	malignant-dominant
PF4C-B1-014	59	malignant-dominant
PF4C-B1-015	59	malignant-dominant
PF4C-B1-016	59	TME-dominant
PF4C-B1-017	59	malignant-dominant
PF4C-B1-019	59	malignant-dominant
PF4C-B1-020	59	malignant-dominant
PF4C-B1-021	59	unstable
PF4C-B1-024	59	unstable
PF4C-B1-025	59	TME-dominant
PF4C-B1-026	59	malignant-dominant
PF4C-B1-027	59	malignant-dominant
PF4C-B1-028	59	malignant-dominant
PF4C-B1-029	59	mixed
PF4C-B2-001	59	malignant-dominant
PF4C-B2-002	59	TME-dominant
PF4C-B2-003	59	malignant-dominant
PF4C-B2-005	59	malignant-dominant
PF4C-B2-006	59	malignant-dominant
PF4C-B2-007	59	malignant-dominant
PF4C-B2-008	59	TME-dominant
PF4C-B2-009	59	malignant-dominant
PF4C-B2-010	59	TME-dominant
PF4C-B2-013	59	malignant-dominant
PF4C-B2-014	59	unstable
PF4C-B2-015	59	malignant-dominant
PF4C-B2-016	59	TME-dominant
PF4C-B2-017	59	malignant-dominant
PF4C-B2-018	59	malignant-dominant
PF4C-B2-019	59	TME-dominant
PF4C-B2-021	59	TME-dominant
PF4C-B2-022	59	malignant-dominant
PF4C-B2-023	59	TME-dominant
PF4C-B2-025	59	malignant-dominant
PF4C-B2-026	59	malignant-dominant
PF4C-B2-027	59	unstable
PF4C-B2-028	59	TME-dominant
PF4C-B2-029	59	malignant-dominant
PF4C-B2-030	59	malignant-dominant
PF4C-B3-001	59	malignant-dominant
PF4C-B3-002	59	unstable
PF4C-B3-003	59	malignant-dominant
PF4C-B3-005	59	malignant-dominant
PF4C-B3-006	59	TME-dominant
PF4C-B3-007	59	unstable
PF4C-B3-008	59	malignant-dominant
PF4C-B3-009	59	malignant-dominant
PF4C-B3-010	59	malignant-dominant
PF4C-B3-013	59	mixed
PF4C-B3-014	59	malignant-dominant
PF4C-B3-015	59	malignant-dominant
PF4C-B3-016	59	TME-dominant
PF4C-B3-017	59	malignant-dominant
PF4C-B3-018	59	malignant-dominant
PF4C-B3-019	59	malignant-dominant
PF4C-B3-020	59	malignant-dominant
PF4C-B3-021	59	malignant-dominant
PF4C-B3-023	59	malignant-dominant
PF4C-B3-024	59	malignant-dominant
PF4C-B3-025	59	unstable
PF4C-B3-026	59	malignant-dominant
PF4C-B3-028	59	malignant-dominant
PF4C-B3-029	59	malignant-dominant
PF4C-B3-030	59	malignant-dominant
PF4C-B4-001	59	malignant-dominant
PF4C-B4-002	59	unstable
PF4C-B4-003	59	malignant-dominant
PF4C-B4-007	59	malignant-dominant
PF4C-B4-009	59	TME-dominant
PF4C-B4-010	59	unstable
PF4C-B4-011	59	malignant-dominant
PF4C-B4-012	59	malignant-dominant
PF4C-B4-015	59	TME-dominant
PF4C-B4-016	59	malignant-dominant
PF4C-B4-017	59	malignant-dominant
PF4C-B4-018	59	malignant-dominant
PF4C-B4-021	59	mixed
PF4C-B4-023	59	TME-dominant
PF4C-B4-024	59	malignant-dominant
PF4C-B4-025	59	malignant-dominant
PF4C-B4-026	59	malignant-dominant
PF4C-B4-027	59	malignant-dominant
PF4C-B4-029	59	malignant-dominant
PF4C-B4-030	59	malignant-dominant
PF4C-FINAL-001	59	TME-dominant
PF4C-FINAL-002	59	malignant-dominant
PF4C-FINAL-003	59	TME-dominant
PF4C-FINAL-004	59	malignant-dominant
PF4C-FINAL-008	59	malignant-dominant
PF4C-FINAL-009	59	TME-dominant
PF4C-FINAL-012	59	malignant-dominant
PF4C-FINAL-016	59	malignant-dominant
PF4C-FINAL-017	59	malignant-dominant
PF4C-FINAL-018	59	malignant-dominant
PF4C-FINAL-020	59	malignant-dominant
PF4C-FINAL-022	59	malignant-dominant
PF4C-FINAL-024	59	unstable
PF4C-FINAL-025	59	mixed
PF4C-FINAL-026	59	malignant-dominant
PF4C-FINAL-028	59	unstable
PF4C-FINAL-029	59	mixed
PF4C-FINAL-032	59	malignant-dominant
PF4C-FINAL-036	59	malignant-dominant
PF4C-FINAL-037	59	malignant-dominant
PF4C-FINAL-039	59	malignant-dominant
PF4C-FINAL-041	59	malignant-dominant
PF4C-FINAL-042	59	mixed
PF4C-FINAL-043	59	malignant-dominant
PF4C-FINAL-044	59	malignant-dominant
PF4C-FINAL-045	59	unstable
PF4C-FINAL-046	59	malignant-dominant
PF4C-FINAL-049	59	malignant-dominant
PF4C-FINAL-050	59	malignant-dominant
PF4C-FINAL-051	59	malignant-dominant
PF4C-FINAL-052	59	malignant-dominant
PF4C-FINAL-053	59	malignant-dominant
PF4C-FINAL-054	59	malignant-dominant
PF4C-FINAL-055	59	unstable
PF4C-FINAL-056	59	malignant-dominant
PF4C-FINAL-057	59	TME-dominant
PF4C-FINAL-058	59	malignant-dominant
PF4C-FINAL-060	59	TME-dominant
PF4C-FINAL-061	59	malignant-dominant
PF4C-FINAL-062	59	malignant-dominant
PF4C-FINAL-063	59	mixed
PF4C-FINAL-065	59	malignant-dominant
PF4C-FINAL-066	59	malignant-dominant
PF4C-FINAL-067	59	malignant-dominant
PF4C-FINAL-068	59	TME-dominant
PF4C-FINAL-069	59	malignant-dominant
PF4C-FINAL-070	59	unstable
PF4C-FINAL-071	59	TME-dominant
PF4C-FINAL-073	59	malignant-dominant
PF4C-FINAL-074	59	malignant-dominant
PF4C-FINAL-078	59	malignant-dominant
PF4C-FINAL-079	59	malignant-dominant
PF4C-FINAL-080	59	TME-dominant
PF4C-FINAL-081	59	mixed
PF4C-FINAL-082	59	TME-dominant
PF4C-FINAL-085	59	malignant-dominant
PF4C-FINAL-086	59	malignant-dominant
PF4C-FINAL-087	59	TME-dominant
PF4C-FINAL-092	59	malignant-dominant
PF4C-FINAL-093	59	malignant-dominant
PF4C-FINAL-094	59	malignant-dominant
PF4C-FINAL-095	59	TME-dominant
PF4C-FINAL-096	59	malignant-dominant
PF4C-FINAL-097	59	malignant-dominant
PF4C-FINAL-099	59	malignant-dominant
PF4C-FINAL-100	59	TME-dominant
PF4C-FINAL-102	59	malignant-dominant
PF4C-FINAL-103	59	mixed
PF4C-FINAL-105	59	mixed
LEGACY-V001-M01	59	malignant-dominant
LEGACY-V003-M01	59	mixed
LEGACY-V004-M01	59	TME-dominant
LEGACY-V005-M01	59	malignant-dominant
LEGACY-V006-M01	59	unstable
LEGACY-V007-M01	59	malignant-dominant
LEGACY-V009-M01	59	TME-dominant
LEGACY-V010-M01	59	malignant-dominant
LEGACY-V011-M01	59	unstable
LEGACY-V012-M01	59	malignant-dominant
LEGACY-V013-M01	59	malignant-dominant
LEGACY-V016-M01	59	malignant-dominant
LEGACY-V017-M01	59	malignant-dominant
LEGACY-V018-M01	59	malignant-dominant
LEGACY-V019-M01	59	TME-dominant
LEGACY-V020-M01	59	malignant-dominant
LEGACY-V021-M01	59	malignant-dominant
LEGACY-V022-M01	59	unstable
LEGACY-V024-M01	59	TME-dominant
LEGACY-V025-M01	59	malignant-dominant
LEGACY-V026-M01	59	mixed
LEGACY-V027-M01	59	malignant-dominant
LEGACY-V028-M01	59	TME-dominant
LEGACY-V029-M01	59	malignant-dominant
LEGACY-E001-M01	59	malignant-dominant
LEGACY-E007-M01	59	malignant-dominant
LEGACY-E011-M01	59	malignant-dominant
LEGACY-E012-M01	59	malignant-dominant
LEGACY-E014-M01	59	mixed
LEGACY-E016-M01	59	malignant-dominant
LEGACY-S001-M01	59	malignant-dominant
LEGACY-S003-M01	59	unstable
LEGACY-S005-M01	59	malignant-dominant
LEGACY-S006-M01	59	mixed
LEGACY-S007-M01	59	mixed
LEGACY-S009-M01	59	TME-dominant
LEGACY-S012-M01	59	TME-dominant
