program_id	gene_symbol_normalized	frozen_order
HYPOXIA	PGK1	1
HYPOXIA	PDK1	2
HYPOXIA	GBE1	3
HYPOXIA	PFKL	4
HYPOXIA	ALDOA	5
HYPOXIA	ENO2	6
HYPOXIA	PGM1	7
HYPOXIA	NDRG1	8
HYPOXIA	HK2	9
HYPOXIA	ALDOC	10
HYPOXIA	GPI	11
HYPOXIA	MXI1	12
HYPOXIA	SLC2A1	13
HYPOXIA	P4HA1	14
HYPOXIA	ADM	15
HYPOXIA	P4HA2	16
HYPOXIA	ENO1	17
HYPOXIA	PFKP	18
HYPOXIA	AK4	19
HYPOXIA	FAM162A	20
HYPOXIA	PFKFB3	21
HYPOXIA	VEGFA	22
HYPOXIA	BNIP3L	23
HYPOXIA	TPI1	24
HYPOXIA	ERO1A	25
HYPOXIA	KDM3A	26
HYPOXIA	CCNG2	27
HYPOXIA	LDHA	28
HYPOXIA	GYS1	29
HYPOXIA	GAPDH	30
HYPOXIA	BHLHE40	31
HYPOXIA	ANGPTL4	32
HYPOXIA	JUN	33
HYPOXIA	SERPINE1	34
HYPOXIA	LOX	35
HYPOXIA	GCK	36
HYPOXIA	PPFIA4	37
HYPOXIA	MAFF	38
HYPOXIA	DDIT4	39
HYPOXIA	SLC2A3	40
HYPOXIA	IGFBP3	41
HYPOXIA	NFIL3	42
HYPOXIA	FOS	43
HYPOXIA	RBPJ	44
HYPOXIA	HK1	45
HYPOXIA	CITED2	46
HYPOXIA	ISG20	47
HYPOXIA	GALK1	48
HYPOXIA	WSB1	49
HYPOXIA	PYGM	50
HYPOXIA	STC1	51
HYPOXIA	ZNF292	52
HYPOXIA	BTG1	53
HYPOXIA	PLIN2	54
HYPOXIA	CSRP2	55
HYPOXIA	VLDLR	56
HYPOXIA	JMJD6	57
HYPOXIA	EXT1	58
HYPOXIA	F3	59
HYPOXIA	PDK3	60
HYPOXIA	ANKZF1	61
HYPOXIA	UGP2	62
HYPOXIA	ALDOB	63
HYPOXIA	STC2	64
HYPOXIA	ERRFI1	65
HYPOXIA	ENO3	66
HYPOXIA	PNRC1	67
HYPOXIA	HMOX1	68
HYPOXIA	PGF	69
HYPOXIA	GAPDHS	70
HYPOXIA	CHST2	71
HYPOXIA	TMEM45A	72
HYPOXIA	BCAN	73
HYPOXIA	ATF3	74
HYPOXIA	CAV1	75
HYPOXIA	AMPD3	76
HYPOXIA	GPC3	77
HYPOXIA	NDST1	78
HYPOXIA	IRS2	79
HYPOXIA	SAP30	80
HYPOXIA	GAA	81
HYPOXIA	SDC4	82
HYPOXIA	STBD1	83
HYPOXIA	IER3	84
HYPOXIA	PKLR	85
HYPOXIA	IGFBP1	86
HYPOXIA	PLAUR	87
HYPOXIA	CAVIN3	88
HYPOXIA	CCN5	89
HYPOXIA	LARGE1	90
HYPOXIA	NOCT	91
HYPOXIA	S100A4	92
HYPOXIA	RRAGD	93
HYPOXIA	ZFP36	94
HYPOXIA	EGFR	95
HYPOXIA	EDN2	96
HYPOXIA	IDS	97
HYPOXIA	CDKN1A	98
HYPOXIA	RORA	99
HYPOXIA	DUSP1	100
HYPOXIA	MIF	101
HYPOXIA	PPP1R3C	102
HYPOXIA	DPYSL4	103
HYPOXIA	KDELR3	104
HYPOXIA	DTNA	105
HYPOXIA	ADORA2B	106
HYPOXIA	HS3ST1	107
HYPOXIA	CAVIN1	108
HYPOXIA	NR3C1	109
HYPOXIA	KLF6	110
HYPOXIA	GPC4	111
HYPOXIA	CCN1	112
HYPOXIA	TNFAIP3	113
HYPOXIA	CA12	114
HYPOXIA	HEXA	115
HYPOXIA	BGN	116
HYPOXIA	PPP1R15A	117
HYPOXIA	PGM2	118
HYPOXIA	PIM1	119
HYPOXIA	PRDX5	120
HYPOXIA	NAGK	121
HYPOXIA	CDKN1B	122
HYPOXIA	BRS3	123
HYPOXIA	TKTL1	124
HYPOXIA	MT1E	125
HYPOXIA	ATP7A	126
HYPOXIA	MT2A	127
HYPOXIA	SDC3	128
HYPOXIA	TIPARP	129
HYPOXIA	PKP1	130
HYPOXIA	ANXA2	131
HYPOXIA	PGAM2	132
HYPOXIA	DDIT3	133
HYPOXIA	PRKCA	134
HYPOXIA	SLC37A4	135
HYPOXIA	CXCR4	136
HYPOXIA	EFNA3	137
HYPOXIA	CP	138
HYPOXIA	KLF7	139
HYPOXIA	CCN2	140
HYPOXIA	CHST3	141
HYPOXIA	TPD52	142
HYPOXIA	LXN	143
HYPOXIA	B4GALNT2	144
HYPOXIA	PPARGC1A	145
HYPOXIA	BCL2	146
HYPOXIA	GCNT2	147
HYPOXIA	HAS1	148
HYPOXIA	KLHL24	149
HYPOXIA	SCARB1	150
HYPOXIA	SLC25A1	151
HYPOXIA	SDC2	152
HYPOXIA	CASP6	153
HYPOXIA	VHL	154
HYPOXIA	FOXO3	155
HYPOXIA	PDGFB	156
HYPOXIA	B3GALT6	157
HYPOXIA	SLC2A5	158
HYPOXIA	SRPX	159
HYPOXIA	EFNA1	160
HYPOXIA	GLRX	161
HYPOXIA	ACKR3	162
HYPOXIA	PAM	163
HYPOXIA	TGFBI	164
HYPOXIA	DCN	165
HYPOXIA	SIAH2	166
HYPOXIA	PLAC8	167
HYPOXIA	FBP1	168
HYPOXIA	TPST2	169
HYPOXIA	PHKG1	170
HYPOXIA	MYH9	171
HYPOXIA	CDKN1C	172
HYPOXIA	GRHPR	173
HYPOXIA	PCK1	174
HYPOXIA	INHA	175
HYPOXIA	HSPA5	176
HYPOXIA	NDST2	177
HYPOXIA	NEDD4L	178
HYPOXIA	TPBG	179
HYPOXIA	XPNPEP1	180
HYPOXIA	IL6	181
HYPOXIA	SLC6A6	182
HYPOXIA	MAP3K1	183
HYPOXIA	LDHC	184
HYPOXIA	AKAP12	185
HYPOXIA	TES	186
HYPOXIA	KIF5A	187
HYPOXIA	LALBA	188
HYPOXIA	COL5A1	189
HYPOXIA	GPC1	190
HYPOXIA	HDLBP	191
HYPOXIA	ILVBL	192
HYPOXIA	NCAN	193
HYPOXIA	TGM2	194
HYPOXIA	ETS1	195
HYPOXIA	HOXB9	196
HYPOXIA	SELENBP1	197
HYPOXIA	FOSL2	198
HYPOXIA	SULT2B1	199
HYPOXIA	TGFB3	200
MYELOID	PTPRC	1
MYELOID	CD53	2
MYELOID	LAPTM5	3
MYELOID	LST1	4
MYELOID	TYROBP	5
MYELOID	AIF1	6
MYELOID	FCER1G	7
MYELOID	CTSS	8
MYELOID	C1QA	9
MYELOID	C1QB	10
MYELOID	C1QC	11
MYELOID	CD68	12
MATRIX	COL1A1	1
MATRIX	COL1A2	2
MATRIX	COL3A1	3
MATRIX	DCN	4
MATRIX	LUM	5
MATRIX	COL6A1	6
MATRIX	COL6A2	7
MATRIX	COL6A3	8
MATRIX	FN1	9
MATRIX	SPARC	10
MATRIX	TNC	11
MES	A2M	1
MES	ACTN1	2
MES	ADM	3
MES	AKAP12	4
MES	ANGPTL4	5
MES	ANXA1	6
MES	ANXA2	7
MES	APOE	8
MES	ASNS	9
MES	ATF3	10
MES	BNIP3	11
MES	BNIP3L	12
MES	C1R	13
MES	C1S	14
MES	C3	15
MES	C8ORF4	16
MES	CA9	17
MES	CD44	18
MES	CDKN1A	19
MES	CHI3L1	20
MES	CLIC1	21
MES	CLIC4	22
MES	CTSB	23
MES	DDIT3	24
MES	DNAJB9	25
MES	EFEMP1	26
MES	EGLN3	27
MES	EMP1	28
MES	EMP3	29
MES	ENO2	30
MES	EPAS1	31
MES	ERO1L	32
MES	FN1	33
MES	FTL	34
MES	GBE1	35
MES	GDF15	36
MES	GFPT2	37
MES	GJA1	38
MES	GOLT1B	39
MES	GSN	40
MES	HERPUD1	41
MES	HILPDA	42
MES	HSPA5	43
MES	HSPA9	44
MES	IFITM3	45
MES	IGFBP3	46
MES	IGFBP7	47
MES	INSIG2	48
MES	LDHA	49
MES	LGALS1	50
MES	LGALS3	51
MES	MGP	52
MES	MGST1	53
MES	MT1E	54
MES	MT1X	55
MES	MT2A	56
MES	NAMPT	57
MES	NDRG1	58
MES	NNMT	59
MES	NPC2	60
MES	NRN1	61
MES	P4HA1	62
MES	PFKP	63
MES	PGK1	64
MES	PLOD2	65
MES	PLP2	66
MES	PPP1R15A	67
MES	PRDX6	68
MES	RCAN1	69
MES	RPL21	70
MES	S100A10	71
MES	S100A11	72
MES	S100A16	73
MES	SERPINA3	74
MES	SERPINE1	75
MES	SERPING1	76
MES	SERTAD1	77
MES	SLC2A1	78
MES	SLC2A3	79
MES	SLC39A14	80
MES	SLC6A6	81
MES	SOD2	82
MES	SPP1	83
MES	SQSTM1	84
MES	TAGLN2	85
MES	TIMP1	86
MES	TNFRSF1A	87
MES	TRAM1	88
MES	TRIB3	89
MES	TUBA1C	90
MES	UFM1	91
MES	VIM	92
MES	WARS	93
MES	WWTR1	94
MES	XPOT	95
