model_instance_id	gene_symbol
LEGACY-E001-M01	COL5A1
LEGACY-E001-M01	MFGE8
LEGACY-E001-M01	MSH6
LEGACY-E001-M01	NF1
LEGACY-E001-M01	PGPEP1
LEGACY-E001-M01	PIK3CA
LEGACY-E007-M01	BMP2
LEGACY-E007-M01	PTX3
LEGACY-E007-M01	TNFSF9
LEGACY-E011-M01	IGFBP2
LEGACY-E011-M01	NOD2
LEGACY-E011-M01	TCF3
LEGACY-E011-M01	TYRO3
LEGACY-E012-M01	COL1A2
LEGACY-E012-M01	COL3A1
LEGACY-E012-M01	COL5A1
LEGACY-E012-M01	ITGA5
LEGACY-E012-M01	LAMC1
LEGACY-E012-M01	MET
LEGACY-E014-M01	KCNB1
LEGACY-E014-M01	KCNJ10
LEGACY-E014-M01	KCNN4
LEGACY-E016-M01	C9ORF64
LEGACY-E016-M01	GNS
LEGACY-E016-M01	GZMB
LEGACY-E016-M01	MXRA8
LEGACY-E016-M01	OSMR
LEGACY-E016-M01	PDIA4
LEGACY-E016-M01	PDLIM4
LEGACY-E016-M01	SLC16A13
LEGACY-E016-M01	STC1
LEGACY-S001-M01	HOXC10
LEGACY-S001-M01	OSMR
LEGACY-S001-M01	SCARA3
LEGACY-S001-M01	SLC39A10
LEGACY-S003-M01	ALOX5
LEGACY-S003-M01	ATP5MC3
LEGACY-S003-M01	CHAC1
LEGACY-S003-M01	CRYAB
LEGACY-S003-M01	MT1G
LEGACY-S003-M01	NCOA4
LEGACY-S003-M01	STEAP3
LEGACY-S003-M01	ZEB1
LEGACY-S005-M01	G6PC3
LEGACY-S005-M01	IGFBP2
LEGACY-S005-M01	PTPRN
LEGACY-S005-M01	RGS14
LEGACY-S005-M01	TIMP4
LEGACY-S006-M01	CCL2
LEGACY-S006-M01	CTSD
LEGACY-S006-M01	DRAM1
LEGACY-S006-M01	HSPA5
LEGACY-S006-M01	LENG9
LEGACY-S006-M01	MSTN
LEGACY-S006-M01	MTMR14
LEGACY-S006-M01	P4HB
LEGACY-S006-M01	PHYHIP
LEGACY-S006-M01	RRAGB
LEGACY-S006-M01	S100A8
LEGACY-S006-M01	TCIRG1
LEGACY-S006-M01	UBQLN4
LEGACY-S006-M01	ZKSCAN3
LEGACY-S007-M01	BMPR1A
LEGACY-S007-M01	CTSB
LEGACY-S007-M01	CXCL2
LEGACY-S007-M01	NFKBIZ
LEGACY-S007-M01	OSMR
LEGACY-S007-M01	SEMA4F
LEGACY-S007-M01	TNFSF14
LEGACY-S009-M01	ARPC1B
LEGACY-S009-M01	FCGR2B
LEGACY-S009-M01	NCF2
LEGACY-S009-M01	PLAUR
LEGACY-S009-M01	S100A11
LEGACY-S012-M01	AQP9
LEGACY-S012-M01	AREG
LEGACY-S012-M01	CLCF1
LEGACY-S012-M01	GRN
LEGACY-S012-M01	IGLV6-57
LEGACY-S012-M01	PLAUR
LEGACY-S012-M01	PTX3
LEGACY-S012-M01	SDC2
LEGACY-S012-M01	TNFRSF14
LEGACY-S012-M01	VGF
LEGACY-V001-M01	AMPH
LEGACY-V001-M01	CTSB
LEGACY-V001-M01	FN1
LEGACY-V001-M01	GALNT6
LEGACY-V001-M01	PLAT
LEGACY-V001-M01	SCG5
LEGACY-V001-M01	TIMP1
LEGACY-V003-M01	CTSB
LEGACY-V003-M01	KLF10
LEGACY-V003-M01	PLAUR
LEGACY-V003-M01	PTPRN
LEGACY-V003-M01	RARRES2
LEGACY-V003-M01	TIMP1
LEGACY-V004-M01	AHR
LEGACY-V004-M01	BDKRB1
LEGACY-V004-M01	CD14
LEGACY-V004-M01	CLEC5A
LEGACY-V004-M01	DCBLD2
LEGACY-V004-M01	EREG
LEGACY-V004-M01	LTA
LEGACY-V004-M01	LY6E
LEGACY-V004-M01	SLC4A4
LEGACY-V005-M01	COL22A1
LEGACY-V005-M01	CRYGN
LEGACY-V005-M01	GZMB
LEGACY-V005-M01	MSTN
LEGACY-V005-M01	OSMR
LEGACY-V006-M01	ADAMTS14
LEGACY-V006-M01	BDKRB2
LEGACY-V006-M01	FOSL1
LEGACY-V006-M01	PLAUR
LEGACY-V006-M01	TIMP1
LEGACY-V007-M01	COL5A1
LEGACY-V007-M01	COL6A1
LEGACY-V007-M01	FN1
LEGACY-V007-M01	ITGA5
LEGACY-V007-M01	MMP14
LEGACY-V009-M01	MAPK1
LEGACY-V009-M01	P2RX1
LEGACY-V009-M01	PARVB
LEGACY-V009-M01	STAT3
LEGACY-V010-M01	CP
LEGACY-V010-M01	IGFBP2
LEGACY-V010-M01	LOX
LEGACY-V011-M01	GJB2
LEGACY-V011-M01	KCNH6
LEGACY-V011-M01	KCNN4
LEGACY-V012-M01	CA14
LEGACY-V012-M01	COL22A1
LEGACY-V012-M01	FERMT1
LEGACY-V012-M01	IGFBP6
LEGACY-V012-M01	SOD3
LEGACY-V012-M01	TIMP4
LEGACY-V012-M01	UPP1
LEGACY-V013-M01	C21ORF62
LEGACY-V013-M01	CCL2
LEGACY-V013-M01	CHI3L1
LEGACY-V013-M01	CHL1
LEGACY-V013-M01	DCX
LEGACY-V013-M01	EMP3
LEGACY-V013-M01	FABP5
LEGACY-V013-M01	GPR37
LEGACY-V013-M01	IGFBP3
LEGACY-V013-M01	IL8
LEGACY-V013-M01	LGALS3
LEGACY-V013-M01	PDPN
LEGACY-V013-M01	POSTN
LEGACY-V013-M01	TAGLN
LEGACY-V016-M01	C1R
LEGACY-V016-M01	CHRM3
LEGACY-V016-M01	CLSTN2
LEGACY-V016-M01	GPRASP1
LEGACY-V016-M01	HPCAL4
LEGACY-V016-M01	ICAM5
LEGACY-V016-M01	IGFBP2
LEGACY-V016-M01	INA
LEGACY-V016-M01	LHX6
LEGACY-V016-M01	NELL1
LEGACY-V016-M01	NMB
LEGACY-V016-M01	PCSK1N
LEGACY-V016-M01	PGBD5
LEGACY-V016-M01	SEZ6L2
LEGACY-V016-M01	SNAP91
LEGACY-V016-M01	UCHL1
LEGACY-V017-M01	BAK1
LEGACY-V017-M01	CDKN1B
LEGACY-V017-M01	CHMP6
LEGACY-V017-M01	EGFR
LEGACY-V017-M01	GAPDH
LEGACY-V017-M01	NDUFB9
LEGACY-V017-M01	SUPT3H
LEGACY-V018-M01	ABCC3
LEGACY-V018-M01	MDK
LEGACY-V018-M01	NMB
LEGACY-V018-M01	PTPRN
LEGACY-V018-M01	RALYL
LEGACY-V019-M01	C5AR1
LEGACY-V019-M01	IL10
LEGACY-V019-M01	PPP4C
LEGACY-V020-M01	AACS
LEGACY-V020-M01	FKBP9
LEGACY-V020-M01	G6PC3
LEGACY-V020-M01	LOXL1
LEGACY-V020-M01	STEAP1
LEGACY-V020-M01	STEAP2
LEGACY-V021-M01	AKR1B10
LEGACY-V021-M01	COMT
LEGACY-V021-M01	COX10
LEGACY-V021-M01	EPHX1
LEGACY-V021-M01	GBE1
LEGACY-V021-M01	GLUD1
LEGACY-V021-M01	GLUD2
LEGACY-V021-M01	GLUL
LEGACY-V021-M01	GPX2
LEGACY-V021-M01	GSTM3
LEGACY-V021-M01	LPCAT3
LEGACY-V021-M01	MDH1
LEGACY-V021-M01	MTHFD2
LEGACY-V021-M01	OCRL
LEGACY-V021-M01	PAFAH1B1
LEGACY-V021-M01	PDE8B
LEGACY-V021-M01	PFKL
LEGACY-V021-M01	RRM2
LEGACY-V022-M01	ACAA2
LEGACY-V022-M01	ACADS
LEGACY-V022-M01	ACOX2
LEGACY-V022-M01	ALOX5AP
LEGACY-V022-M01	B3GALNT1
LEGACY-V022-M01	B4GALT7
LEGACY-V022-M01	CNGA3
LEGACY-V022-M01	CYB561
LEGACY-V022-M01	EXTL3
LEGACY-V022-M01	FAH
LEGACY-V022-M01	HEXA
LEGACY-V022-M01	MAN1B1
LEGACY-V022-M01	NNMT
LEGACY-V022-M01	NPC2
LEGACY-V022-M01	NQO2
LEGACY-V022-M01	OAS1
LEGACY-V022-M01	PIGB
LEGACY-V022-M01	PYGL
LEGACY-V022-M01	SLC12A7
LEGACY-V022-M01	UPP1
LEGACY-V024-M01	APOBR
LEGACY-V024-M01	CD79B
LEGACY-V024-M01	IMPDH1
LEGACY-V024-M01	MAP2K3
LEGACY-V024-M01	MPZL3
LEGACY-V024-M01	SLC16A3
LEGACY-V025-M01	ANPEP
LEGACY-V025-M01	CCDC37
LEGACY-V025-M01	CDH6
LEGACY-V025-M01	DPP4
LEGACY-V025-M01	FANCA
LEGACY-V025-M01	GPNMB
LEGACY-V025-M01	NETO2
LEGACY-V025-M01	PRRG1
LEGACY-V025-M01	PXDN
LEGACY-V025-M01	SCN3A
LEGACY-V025-M01	SEMA6B
LEGACY-V025-M01	TMEM26
LEGACY-V026-M01	BPIFB2
LEGACY-V026-M01	HOXA13
LEGACY-V026-M01	LRRC10
LEGACY-V026-M01	NELL1
LEGACY-V026-M01	SDR16C5
LEGACY-V026-M01	XIRP2
LEGACY-V027-M01	LHX2
LEGACY-V027-M01	MEOX2
LEGACY-V027-M01	SNAI2
LEGACY-V027-M01	ZNF22
LEGACY-V028-M01	ADI1
LEGACY-V028-M01	ATP6V1E1
LEGACY-V028-M01	CALCOCO2
LEGACY-V028-M01	ECHS1
LEGACY-V028-M01	EIF3D
LEGACY-V028-M01	ERCC1
LEGACY-V028-M01	GPNMB
LEGACY-V028-M01	MTDH
LEGACY-V028-M01	NEDD9
LEGACY-V028-M01	PCNA
LEGACY-V028-M01	PLOD1
LEGACY-V028-M01	RCAN2
LEGACY-V028-M01	VTI1B
LEGACY-V029-M01	ITGA3
LEGACY-V029-M01	MAP1LC3A
LEGACY-V029-M01	NRG1
PF4C-B1-001	ATP2A1
PF4C-B1-001	BCL2A1
PF4C-B1-001	BDH1
PF4C-B1-001	C1S
PF4C-B1-001	CD163
PF4C-B1-001	CHI3L1
PF4C-B1-001	CYB561D2
PF4C-B1-001	DRG2
PF4C-B1-001	DYNLT3
PF4C-B1-001	FZD7
PF4C-B1-001	GRB10
PF4C-B1-001	HSBP1
PF4C-B1-001	ICAM1
PF4C-B1-001	IQSEC1
PF4C-B1-001	ISG20
PF4C-B1-001	LGALS8
PF4C-B1-001	LOXL1
PF4C-B1-001	MDK
PF4C-B1-001	MEOX2
PF4C-B1-001	MSN
PF4C-B1-001	MT1E
PF4C-B1-001	MX1
PF4C-B1-001	MYD88
PF4C-B1-001	PDGFA
PF4C-B1-001	PDPN
PF4C-B1-001	S100A8
PF4C-B1-001	SDC2
PF4C-B1-001	SLC27A3
PF4C-B1-001	TCTA
PF4C-B1-001	TNFRSF1A
PF4C-B1-001	TSHR
PF4C-B1-002	CCL2
PF4C-B1-002	IGFBP2
PF4C-B1-002	PDPN
PF4C-B1-002	SLC12A5
PF4C-B1-003	ANAPC15
PF4C-B1-003	ATP6V0C
PF4C-B1-003	BDH1
PF4C-B1-003	CBS
PF4C-B1-003	CCND2
PF4C-B1-003	CSRP1
PF4C-B1-003	FOLR2
PF4C-B1-003	IRF9
PF4C-B1-003	MGST1
PF4C-B1-003	PCP4
PF4C-B1-003	RAP1B
PF4C-B1-003	RAPGEF3
PF4C-B1-003	RPL39
PF4C-B1-003	SH3BP5
PF4C-B1-003	SKP1
PF4C-B1-003	ST8SIA3
PF4C-B1-003	U2AF1
PF4C-B1-004	CCL20
PF4C-B1-004	CDK6
PF4C-B1-004	MCM7
PF4C-B1-004	ORC1
PF4C-B1-004	POLA1
PF4C-B1-004	TIAM1
PF4C-B1-004	TNFRSF12A
PF4C-B1-004	TRAF1
PF4C-B1-005	CDK1
PF4C-B1-005	FDX1
PF4C-B1-005	LOXL2
PF4C-B1-005	LOXL3
PF4C-B1-005	NFE2L2
PF4C-B1-005	SLC31A1
PF4C-B1-005	SUMF1
PF4C-B1-006	ACTN1
PF4C-B1-006	CHI3L1
PF4C-B1-006	CLU
PF4C-B1-006	EFEMP1
PF4C-B1-006	EMP1
PF4C-B1-006	IGFBP7
PF4C-B1-006	MAP1B
PF4C-B1-006	MT2A
PF4C-B1-006	NNMT
PF4C-B1-006	PAM
PF4C-B1-006	TPST1
PF4C-B1-007	CCL2
PF4C-B1-007	CCR2
PF4C-B1-007	CXCL10
PF4C-B1-007	IL10RB
PF4C-B1-007	IL17B
PF4C-B1-007	IL17RA
PF4C-B1-008	CALCRL
PF4C-B1-008	EMP3
PF4C-B1-008	GNAI3
PF4C-B1-008	ITGA5
PF4C-B1-008	NFKBIA
PF4C-B1-008	NMI
PF4C-B1-008	PCDH7
PF4C-B1-008	TIMP1
PF4C-B1-009	DIRAS3
PF4C-B1-009	FBXO39
PF4C-B1-009	HILS1
PF4C-B1-009	MYBL1
PF4C-B1-009	TEX26
PF4C-B1-011	ATG9B
PF4C-B1-011	HSPA5
PF4C-B1-011	ITGA3
PF4C-B1-011	RAC1
PF4C-B1-012	HTR1A
PF4C-B1-012	PAX3
PF4C-B1-012	RETN
PF4C-B1-012	VEPH1
PF4C-B1-013	COL1A2
PF4C-B1-013	COL4A1
PF4C-B1-013	ITGB4
PF4C-B1-013	MAPK10
PF4C-B1-013	PRKCB
PF4C-B1-013	PRKCG
PF4C-B1-013	RELN
PF4C-B1-013	TNC
PF4C-B1-014	CRYAB
PF4C-B1-014	MT1G
PF4C-B1-014	STEAP3
PF4C-B1-015	BCL2L2
PF4C-B1-015	PRDX1
PF4C-B1-015	SEC61B
PF4C-B1-015	XRCC5
PF4C-B1-016	AOAH
PF4C-B1-016	CASP1
PF4C-B1-016	GBP1
PF4C-B1-016	GBP2
PF4C-B1-016	GBP3
PF4C-B1-016	HMOX1
PF4C-B1-016	IL18
PF4C-B1-016	IRAK4
PF4C-B1-016	RELB
PF4C-B1-016	TIGAR
PF4C-B1-016	TP53
PF4C-B1-017	CASP3
PF4C-B1-017	DPP9
PF4C-B1-017	MAPK8
PF4C-B1-017	PELP1
PF4C-B1-017	TOMM20
PF4C-B1-019	AOX1
PF4C-B1-019	CANT1
PF4C-B1-019	IMPDH1
PF4C-B1-019	NUDT5
PF4C-B1-019	PDE2A
PF4C-B1-019	POLR1D
PF4C-B1-019	POLR3A
PF4C-B1-019	POLR3GL
PF4C-B1-019	POLR3H
PF4C-B1-019	PPAT
PF4C-B1-019	RRM2
PF4C-B1-020	ALDH2
PF4C-B1-020	GNMT
PF4C-B1-020	PSPH
PF4C-B1-020	SARDH
PF4C-B1-020	SHMT1
PF4C-B1-021	BTK
PF4C-B1-021	CFH
PF4C-B1-021	CFI
PF4C-B1-021	F3
PF4C-B1-021	GNAI3
PF4C-B1-021	ITGB1
PF4C-B1-021	LYN
PF4C-B1-024	ATG7
PF4C-B1-024	CISD2
PF4C-B1-024	EIF2AK4
PF4C-B1-024	HMOX1
PF4C-B1-024	HSPB1
PF4C-B1-024	MTDH
PF4C-B1-024	MTOR
PF4C-B1-024	PRKAA2
PF4C-B1-024	SIRT1
PF4C-B1-025	FOXP3
PF4C-B1-025	IL6
PF4C-B1-025	LY96
PF4C-B1-025	MYD88
PF4C-B1-025	PDIA3
PF4C-B1-026	CHPF2
PF4C-B1-026	COLGALT2
PF4C-B1-026	EXT2
PF4C-B1-026	GALNT13
PF4C-B1-026	PYGL
PF4C-B1-027	FAM241B
PF4C-B1-027	IGFBP2
PF4C-B1-027	LOXL1
PF4C-B1-027	LSM2
PF4C-B1-027	OSMR
PF4C-B1-027	STOX1
PF4C-B1-028	LITAF
PF4C-B1-028	OSMR
PF4C-B1-028	TCF12
PF4C-B1-029	ANKH
PF4C-B1-029	CCT6A
PF4C-B1-029	GOS2
PF4C-B1-029	NAGLU
PF4C-B1-029	NCOA4
PF4C-B1-029	NSUN5
PF4C-B1-029	TSPAN4
PF4C-B1-029	WDR46
PF4C-B2-001	CYGB
PF4C-B2-001	DUSP6
PF4C-B2-001	IGFBP4
PF4C-B2-001	LOXL1
PF4C-B2-001	VWA1
PF4C-B2-001	ZIC3
PF4C-B2-002	FCGR2B
PF4C-B2-002	MXRA5
PF4C-B2-002	TNFRSF9
PF4C-B2-002	TNFSF14
PF4C-B2-003	MEOX2
PF4C-B2-003	PHYHIP
PF4C-B2-003	RBBP8
PF4C-B2-003	ST18
PF4C-B2-003	TCF12
PF4C-B2-003	THRB
PF4C-B2-005	BEX5
PF4C-B2-005	CNPY4
PF4C-B2-005	LRRTM3
PF4C-B2-005	MXRA8
PF4C-B2-005	SCG5
PF4C-B2-005	TIMP4
PF4C-B2-005	VGF
PF4C-B2-005	ZNF22
PF4C-B2-005	ZNF627
PF4C-B2-006	FMOD
PF4C-B2-006	MXRA5
PF4C-B2-006	RAB36
PF4C-B2-007	CYGB
PF4C-B2-007	IGFBP6
PF4C-B2-007	NNAT
PF4C-B2-008	C5AR1
PF4C-B2-008	F2RL2
PF4C-B2-008	GP6
PF4C-B2-008	PLAUR
PF4C-B2-008	SERPINA5
PF4C-B2-009	CBLN1
PF4C-B2-009	DUSP6
PF4C-B2-009	PDIA4
PF4C-B2-009	PILRB
PF4C-B2-009	PTPRN
PF4C-B2-010	AP1S1
PF4C-B2-010	CTSD
PF4C-B2-010	IER3
PF4C-B2-010	YWHAG
PF4C-B2-013	MAP1LC3A
PF4C-B2-013	PHB2
PF4C-B2-013	TOMM20
PF4C-B2-013	UBA52
PF4C-B2-014	KDELR2
PF4C-B2-014	RPS4X
PF4C-B2-014	SLC40A1
PF4C-B2-014	TUBA1C
PF4C-B2-015	BCAT1
PF4C-B2-015	C16ORF86
PF4C-B2-015	HPX
PF4C-B2-015	NNMT
PF4C-B2-015	RAB42
PF4C-B2-015	TBX5
PF4C-B2-015	TNFRSF19
PF4C-B2-015	TRPC5
PF4C-B2-016	IL1R1
PF4C-B2-016	TNFSF12
PF4C-B2-016	VDR
PF4C-B2-017	B4GALT7
PF4C-B2-017	CHST12
PF4C-B2-017	G6PC2
PF4C-B2-017	GALE
PF4C-B2-017	IL13RA1
PF4C-B2-017	LDHB
PF4C-B2-017	SPAG4
PF4C-B2-017	STC1
PF4C-B2-017	TGFBI
PF4C-B2-017	TPBG
PF4C-B2-018	IGFBP2
PF4C-B2-018	PTPRN
PF4C-B2-018	SLC39A10
PF4C-B2-018	STEAP2
PF4C-B2-019	IRF7
PF4C-B2-019	MXRA8
PF4C-B2-019	RMI2
PF4C-B2-019	S100A4
PF4C-B2-019	TIMP1
PF4C-B2-019	TREM1
PF4C-B2-021	CFH
PF4C-B2-021	SLC16A3
PF4C-B2-021	SPP1
PF4C-B2-021	TCIRG1
PF4C-B2-021	TTC26
PF4C-B2-022	CHI3L2
PF4C-B2-022	FSTL3
PF4C-B2-022	RPA3
PF4C-B2-022	RRM2
PF4C-B2-022	YTHDF2
PF4C-B2-023	FPR3
PF4C-B2-023	IKBIP
PF4C-B2-023	S100A9
PF4C-B2-025	BMPR1A
PF4C-B2-025	KLF10
PF4C-B2-025	RAB31
PF4C-B2-025	SMAD4
PF4C-B2-025	ZFYVE9
PF4C-B2-026	C1RL
PF4C-B2-026	CD244
PF4C-B2-026	CD81
PF4C-B2-026	CENPN
PF4C-B2-026	CMIP
PF4C-B2-026	DEK
PF4C-B2-026	EIF4A3
PF4C-B2-026	ITPKC
PF4C-B2-026	OGFOD1
PF4C-B2-027	LITAF
PF4C-B2-027	MTHFD2
PF4C-B2-027	NRXN3
PF4C-B2-027	OSMR
PF4C-B2-027	RUFY2
PF4C-B2-028	CASP4
PF4C-B2-028	CASP9
PF4C-B2-028	NOD2
PF4C-B2-029	ACADS
PF4C-B2-029	ADRA2A
PF4C-B2-029	ALAS1
PF4C-B2-029	APOD
PF4C-B2-029	ARSF
PF4C-B2-029	ESRRB
PF4C-B2-029	FOXO3
PF4C-B2-029	HSPH1
PF4C-B2-029	KLF15
PF4C-B2-029	NR1H4
PF4C-B2-029	PCSK1
PF4C-B2-029	PIK3R1
PF4C-B2-029	RNASEL
PF4C-B2-029	RUFY1
PF4C-B2-029	SFN
PF4C-B2-029	SH3GLB1
PF4C-B2-029	SPTSSA
PF4C-B2-030	EFEMP2
PF4C-B2-030	MYD88
PF4C-B2-030	OSMR
PF4C-B2-030	PTPRN
PF4C-B3-001	CLSPN
PF4C-B3-001	MGMT
PF4C-B3-001	POLN
PF4C-B3-001	SFN
PF4C-B3-002	BAX
PF4C-B3-002	CASP3
PF4C-B3-002	CASP4
PF4C-B3-003	HOXA2
PF4C-B3-003	HOXC6
PF4C-B3-003	MMP9
PF4C-B3-003	MYOD1
PF4C-B3-003	SHOX2
PF4C-B3-003	WT1
PF4C-B3-005	LDHA
PF4C-B3-005	LDHB
PF4C-B3-005	MRS2
PF4C-B3-005	SLC16A1
PF4C-B3-005	SLC25A12
PF4C-B3-006	FADD
PF4C-B3-006	FAS
PF4C-B3-006	RIPK1
PF4C-B3-006	RIPK3
PF4C-B3-007	SIRT1
PF4C-B3-007	SIRT2
PF4C-B3-007	SIRT5
PF4C-B3-007	SIRT6
PF4C-B3-007	SIRT7
PF4C-B3-008	FSTL1
PF4C-B3-008	ITGAV
PF4C-B3-008	KCNJ8
PF4C-B3-008	LUM
PF4C-B3-008	MSX1
PF4C-B3-008	PDGFA
PF4C-B3-008	POSTN
PF4C-B3-008	PRG2
PF4C-B3-008	SERPINA5
PF4C-B3-008	SLCO2A1
PF4C-B3-008	SPP1
PF4C-B3-008	TIMP1
PF4C-B3-008	TNFRSF21
PF4C-B3-008	VEGFA
PF4C-B3-009	CA9
PF4C-B3-009	HSPB1
PF4C-B3-009	MAP1LC3A
PF4C-B3-009	MAPK1
PF4C-B3-009	STAT3
PF4C-B3-009	TNFAIP3
PF4C-B3-009	ZEB1
PF4C-B3-010	ANXA1
PF4C-B3-010	CAPG
PF4C-B3-010	IFI30
PF4C-B3-010	IGFBP2
PF4C-B3-010	PLAUR
PF4C-B3-010	POSTN
PF4C-B3-010	SCG3
PF4C-B3-010	SERPINA3
PF4C-B3-010	SMOC1
PF4C-B3-010	SOX8
PF4C-B3-010	TNFRSF12A
PF4C-B3-013	BID
PF4C-B3-013	CD70
PF4C-B3-013	ULBP1
PF4C-B3-014	ATPAF2
PF4C-B3-014	CHEK2
PF4C-B3-014	COQ2
PF4C-B3-014	DAG1
PF4C-B3-014	MPL
PF4C-B3-014	MPV17
PF4C-B3-014	NGLY1
PF4C-B3-014	PYGL
PF4C-B3-014	RARS2
PF4C-B3-014	SLC16A1
PF4C-B3-014	SLC7A7
PF4C-B3-014	TET2
PF4C-B3-014	TXN2
PF4C-B3-014	USB1
PF4C-B3-015	ALKBH5
PF4C-B3-015	FTO
PF4C-B3-015	YTHDF2
PF4C-B3-016	CASP4
PF4C-B3-016	CASP9
PF4C-B3-016	GSDMC
PF4C-B3-016	IL1A
PF4C-B3-017	CASP3
PF4C-B3-017	CASP4
PF4C-B3-017	CASP9
PF4C-B3-017	CYCS
PF4C-B3-017	ELANE
PF4C-B3-017	GSDMC
PF4C-B3-017	IL18
PF4C-B3-017	IL1A
PF4C-B3-017	PLCG1
PF4C-B3-017	TP63
PF4C-B3-018	FKBP3
PF4C-B3-018	HDAC1
PF4C-B3-018	PHF21A
PF4C-B3-018	RBL1
PF4C-B3-018	RUNX1T1
PF4C-B3-019	ABCC3
PF4C-B3-019	ANXA1
PF4C-B3-019	CD14
PF4C-B3-019	COL1A1
PF4C-B3-019	COL4A1
PF4C-B3-019	COL4A2
PF4C-B3-019	FBXL19
PF4C-B3-019	IGFBP2
PF4C-B3-019	JPH3
PF4C-B3-019	PDPN
PF4C-B3-019	S100A4
PF4C-B3-019	SCG3
PF4C-B3-019	SERPINA3
PF4C-B3-019	SMOC1
PF4C-B3-019	TGFB1
PF4C-B3-020	APOBEC3C
PF4C-B3-020	BIRC5
PF4C-B3-020	BMP2
PF4C-B3-020	CALCRL
PF4C-B3-020	CDK4
PF4C-B3-020	CMTM3
PF4C-B3-020	FCER1G
PF4C-B3-020	HNF4G
PF4C-B3-020	IL24
PF4C-B3-020	JAG1
PF4C-B3-020	NOX4
PF4C-B3-020	SOCS1
PF4C-B3-020	TNC
PF4C-B3-020	TRIM5
PF4C-B3-020	VIM
PF4C-B3-021	FLNC
PF4C-B3-021	PARVB
PF4C-B3-021	PGF
PF4C-B3-021	PIK3CA
PF4C-B3-021	RAP1B
PF4C-B3-021	SDC1
PF4C-B3-021	SPP1
PF4C-B3-021	VEGFA
PF4C-B3-023	DKK3
PF4C-B3-023	EIF3L
PF4C-B3-023	EIF4A2
PF4C-B3-023	FDPS
PF4C-B3-023	FLII
PF4C-B3-023	FN1
PF4C-B3-023	GRN
PF4C-B3-023	HSPA5
PF4C-B3-023	LY6E
PF4C-B3-023	MAP1LC3A
PF4C-B3-023	MTPN
PF4C-B3-023	NDUFB2
PF4C-B3-023	PLD3
PF4C-B3-023	RNF10
PF4C-B3-023	RPS19
PF4C-B3-023	RTN4
PF4C-B3-023	SCG5
PF4C-B3-023	SERPINE2
PF4C-B3-023	TAGLN2
PF4C-B3-023	TTYH3
PF4C-B3-024	EMP3
PF4C-B3-024	KDELR2
PF4C-B3-024	TAGLN2
PF4C-B3-024	TIMP1
PF4C-B3-025	BID
PF4C-B3-025	BIRC5
PF4C-B3-025	CX3CL1
PF4C-B3-025	DAPK2
PF4C-B3-025	FKBP1B
PF4C-B3-025	GABARAP
PF4C-B3-025	HSP90AB1
PF4C-B3-025	IKBKE
PF4C-B3-025	MAPK3
PF4C-B3-025	MAPK8IP1
PF4C-B3-025	NFE2L2
PF4C-B3-025	NPC1
PF4C-B3-025	PRKCQ
PF4C-B3-025	PTEN
PF4C-B3-025	SUPT20H
PF4C-B3-026	NOP2
PF4C-B3-026	NSUN4
PF4C-B3-026	NSUN5
PF4C-B3-026	NSUN6
PF4C-B3-026	NSUN7
PF4C-B3-028	CPT2
PF4C-B3-028	ECI2
PF4C-B3-028	MCCC2
PF4C-B3-028	OXCT1
PF4C-B3-028	SUCLG2
PF4C-B3-029	ARC
PF4C-B3-029	CCDC149
PF4C-B3-029	CENPH
PF4C-B3-029	CPM
PF4C-B3-029	DDIT4
PF4C-B3-029	EVI2B
PF4C-B3-029	FAM126A
PF4C-B3-029	FAM86B1
PF4C-B3-029	FNDC3B
PF4C-B3-029	GPR61
PF4C-B3-029	HNRNPA1
PF4C-B3-029	LMO7
PF4C-B3-029	MGAT2
PF4C-B3-029	SDE2
PF4C-B3-029	SGCD
PF4C-B3-029	SLC1A6
PF4C-B3-029	SLC25A23
PF4C-B3-029	SLCO1C1
PF4C-B3-029	SNX10
PF4C-B3-029	UBE2D2
PF4C-B3-029	XPOT
PF4C-B3-030	CHI3L1
PF4C-B3-030	MMP9
PF4C-B3-030	POSTN
PF4C-B3-030	SAA1
PF4C-B4-001	AADAT
PF4C-B4-001	ACAT1
PF4C-B4-001	AGXT
PF4C-B4-001	AIP
PF4C-B4-001	ALDH9A1
PF4C-B4-001	ASL
PF4C-B4-001	AZIN2
PF4C-B4-001	BCAT2
PF4C-B4-001	CBS
PF4C-B4-001	CKM
PF4C-B4-001	CKMT1A
PF4C-B4-001	GCLC
PF4C-B4-001	GPT
PF4C-B4-001	INHBA
PF4C-B4-001	KMO
PF4C-B4-001	NQO1
PF4C-B4-001	OAT
PF4C-B4-001	ODC1
PF4C-B4-001	OGDH
PF4C-B4-001	PAH
PF4C-B4-001	PCBD1
PF4C-B4-001	PSMB2
PF4C-B4-001	PSMB4
PF4C-B4-001	PSMC2
PF4C-B4-001	PSMC6
PF4C-B4-001	PSMD12
PF4C-B4-001	PSME4
PF4C-B4-001	SLC25A10
PF4C-B4-001	SRM
PF4C-B4-001	SUOX
PF4C-B4-002	GATA3
PF4C-B4-002	NLRP2
PF4C-B4-002	NLRP7
PF4C-B4-002	NOD2
PF4C-B4-002	TERT
PF4C-B4-003	GADD45G
PF4C-B4-003	GRIK2
PF4C-B4-003	NTN4
PF4C-B4-003	NUAK2
PF4C-B4-003	RBP1
PF4C-B4-003	RRM2
PF4C-B4-003	TWIST1
PF4C-B4-003	WEE1
PF4C-B4-007	FAM3C
PF4C-B4-007	GJB2
PF4C-B4-007	KDM5B
PF4C-B4-007	MARVELD1
PF4C-B4-007	TGM2
PF4C-B4-009	ADCY5
PF4C-B4-009	BDKRB1
PF4C-B4-009	CAMK2G
PF4C-B4-009	HTR2A
PF4C-B4-009	MAPK13
PF4C-B4-009	P2RY2
PF4C-B4-009	PLA2G4D
PF4C-B4-009	PRKCB
PF4C-B4-009	TRPM6
PF4C-B4-009	TRPV3
PF4C-B4-010	APOE
PF4C-B4-010	CXCL16
PF4C-B4-010	ELOVL2
PF4C-B4-010	FABP5
PF4C-B4-010	S100A11
PF4C-B4-010	SCD
PF4C-B4-010	TNFRSF12A
PF4C-B4-011	EXO1
PF4C-B4-011	POLD2
PF4C-B4-011	POLD4
PF4C-B4-011	RFC1
PF4C-B4-011	RFC2
PF4C-B4-011	RFC4
PF4C-B4-011	RPA3
PF4C-B4-012	AP1S1
PF4C-B4-012	CA14
PF4C-B4-012	HEPH
PF4C-B4-012	HMGCL
PF4C-B4-012	HOXD10
PF4C-B4-012	NACAD
PF4C-B4-012	NDUFB2
PF4C-B4-012	SCARA3
PF4C-B4-012	SH2D1B
PF4C-B4-012	SLC9A3R2
PF4C-B4-012	SOX21
PF4C-B4-015	ABI3
PF4C-B4-015	AP1B1
PF4C-B4-015	C3
PF4C-B4-015	CD53
PF4C-B4-015	CYBB
PF4C-B4-015	GAL3ST4
PF4C-B4-015	PLEKHO2
PF4C-B4-015	PLXDC2
PF4C-B4-015	RIN3
PF4C-B4-015	SCIN
PF4C-B4-015	SIGLEC10
PF4C-B4-015	SLA
PF4C-B4-015	SLC37A2
PF4C-B4-015	TREM2
PF4C-B4-016	ANXA1
PF4C-B4-016	CCL2
PF4C-B4-016	CLIC1
PF4C-B4-016	GSN
PF4C-B4-016	LGALS1
PF4C-B4-016	MAP1B
PF4C-B4-016	MGP
PF4C-B4-016	MYL12A
PF4C-B4-016	PDLIM4
PF4C-B4-016	POSTN
PF4C-B4-017	CAPG
PF4C-B4-017	CLIC1
PF4C-B4-017	GLB1
PF4C-B4-017	GNG12
PF4C-B4-017	KIF20A
PF4C-B4-017	PDIA4
PF4C-B4-017	SULF2
PF4C-B4-017	TAGLN2
PF4C-B4-017	WEE1
PF4C-B4-018	CDC20
PF4C-B4-018	CDCA5
PF4C-B4-018	KIF11
PF4C-B4-018	KIF20A
PF4C-B4-018	KIF4A
PF4C-B4-018	PBK
PF4C-B4-018	RRM2
PF4C-B4-021	AKT1
PF4C-B4-021	ELK1
PF4C-B4-021	FES
PF4C-B4-021	HSP90B1
PF4C-B4-021	IGF1R
PF4C-B4-021	IGFBP2
PF4C-B4-021	IGFBP5
PF4C-B4-021	IKBKB
PF4C-B4-021	IL2RG
PF4C-B4-021	JAK3
PF4C-B4-021	MDM2
PF4C-B4-021	NFKB1
PF4C-B4-021	PCNA
PF4C-B4-021	PIK3CD
PF4C-B4-021	RPS6KA1
PF4C-B4-021	SOCS1
PF4C-B4-023	CASP1
PF4C-B4-023	CASP3
PF4C-B4-023	IL18
PF4C-B4-024	ADAMDEC1
PF4C-B4-024	HOXA5
PF4C-B4-024	HOXD10
PF4C-B4-024	MYBPH
PF4C-B4-024	POSTN
PF4C-B4-024	PTPN2
PF4C-B4-024	WT1
PF4C-B4-025	CHRM3
PF4C-B4-025	ITPKA
PF4C-B4-025	L1CAM
PF4C-B4-025	NPTN
PF4C-B4-025	OSMR
PF4C-B4-025	PDLIM1
PF4C-B4-025	PLK2
PF4C-B4-025	POSTN
PF4C-B4-025	TMEM71
PF4C-B4-026	ARMC10
PF4C-B4-026	AUTS2
PF4C-B4-026	EN1
PF4C-B4-026	EREG
PF4C-B4-026	ERP29
PF4C-B4-026	HOXA2
PF4C-B4-026	HOXA5
PF4C-B4-026	HOXA7
PF4C-B4-026	HSPA5
PF4C-B4-026	LAP3
PF4C-B4-026	MDK
PF4C-B4-026	MTRF1L
PF4C-B4-026	NBEAL1
PF4C-B4-026	SLC37A3
PF4C-B4-026	SLC6A6
PF4C-B4-027	ACACB
PF4C-B4-027	ACADSB
PF4C-B4-027	ADCY3
PF4C-B4-027	G6PC3
PF4C-B4-027	GLB1
PF4C-B4-027	GNAI3
PF4C-B4-027	HADHA
PF4C-B4-027	LCAT
PF4C-B4-027	NEU4
PF4C-B4-027	PAFAH2
PF4C-B4-027	SGPL1
PF4C-B4-029	CRLF1
PF4C-B4-029	PLOD2
PF4C-B4-029	SPOCK1
PF4C-B4-029	SPP1
PF4C-B4-030	EPHB1
PF4C-B4-030	GFRA1
PF4C-B4-030	IBSP
PF4C-B4-030	MEOX2
PF4C-B4-030	NOG
PF4C-FINAL-001	CD274
PF4C-FINAL-001	CD276
PF4C-FINAL-001	CD80
PF4C-FINAL-001	PDCD1LG2
PF4C-FINAL-002	BMP1
PF4C-FINAL-002	BMP2
PF4C-FINAL-002	CASP3
PF4C-FINAL-002	CD151
PF4C-FINAL-002	COL8A1
PF4C-FINAL-002	LOX
PF4C-FINAL-002	PLOD3
PF4C-FINAL-002	SDC1
PF4C-FINAL-002	SERPINH1
PF4C-FINAL-002	SPP1
PF4C-FINAL-002	TIMP1
PF4C-FINAL-003	CCL18
PF4C-FINAL-003	CCL2
PF4C-FINAL-003	CCL5
PF4C-FINAL-003	CXCL16
PF4C-FINAL-004	DLD
PF4C-FINAL-004	FDX1
PF4C-FINAL-004	LIAS
PF4C-FINAL-004	LIPT1
PF4C-FINAL-004	PDHA1
PF4C-FINAL-008	CRLF1
PF4C-FINAL-008	EGR1
PF4C-FINAL-008	EN2
PF4C-FINAL-008	ICAM5
PF4C-FINAL-008	MFAP2
PF4C-FINAL-008	MSMP
PF4C-FINAL-008	NEFM
PF4C-FINAL-008	NRGN
PF4C-FINAL-008	RGS4
PF4C-FINAL-008	SLC17A7
PF4C-FINAL-008	SOX3
PF4C-FINAL-009	G0S2
PF4C-FINAL-009	PLAUR
PF4C-FINAL-009	SPAG4
PF4C-FINAL-012	ADORA1
PF4C-FINAL-012	AURKB
PF4C-FINAL-012	AVPR1B
PF4C-FINAL-012	BCHE
PF4C-FINAL-012	CA12
PF4C-FINAL-012	CA3
PF4C-FINAL-012	CASP6
PF4C-FINAL-012	MGMT
PF4C-FINAL-012	NFE2L2
PF4C-FINAL-012	NTRK3
PF4C-FINAL-012	SMO
PF4C-FINAL-016	DLAT
PF4C-FINAL-016	DLD
PF4C-FINAL-016	FDX1
PF4C-FINAL-016	GLS
PF4C-FINAL-016	LIAS
PF4C-FINAL-016	LIPT1
PF4C-FINAL-016	MTF1
PF4C-FINAL-016	PDHA1
PF4C-FINAL-016	PDHB
PF4C-FINAL-017	ACOT7
PF4C-FINAL-017	ACTA1
PF4C-FINAL-017	EEF1B22
PF4C-FINAL-017	ETV4
PF4C-FINAL-017	GALE
PF4C-FINAL-017	GUCA1A
PF4C-FINAL-017	MGMT
PF4C-FINAL-017	MICALL2
PF4C-FINAL-017	NLRP12
PF4C-FINAL-017	NMNAT3
PF4C-FINAL-017	NOL3
PF4C-FINAL-017	NT5M
PF4C-FINAL-017	NUAK2
PF4C-FINAL-017	OR2F2
PF4C-FINAL-017	PCDHB3
PF4C-FINAL-017	PDE6H
PF4C-FINAL-017	RENBP
PF4C-FINAL-017	RPL39L
PF4C-FINAL-017	SLC35G5
PF4C-FINAL-017	TH
PF4C-FINAL-017	TSPAN4
PF4C-FINAL-017	USP44
PF4C-FINAL-018	BARD1
PF4C-FINAL-018	CTSB
PF4C-FINAL-018	DCT
PF4C-FINAL-018	GSTP1
PF4C-FINAL-018	HOXC6
PF4C-FINAL-018	NEUROD1
PF4C-FINAL-020	CFP
PF4C-FINAL-020	CHGB
PF4C-FINAL-020	FGFR1
PF4C-FINAL-020	FLT3
PF4C-FINAL-020	NR2C1
PF4C-FINAL-020	S100P
PF4C-FINAL-020	SEMA4G
PF4C-FINAL-020	VTN
PF4C-FINAL-022	CFH
PF4C-FINAL-022	GALNT3
PF4C-FINAL-022	SMC4
PF4C-FINAL-022	VAV3
PF4C-FINAL-024	ASMT
PF4C-FINAL-024	CYP1A1
PF4C-FINAL-024	IL4I1
PF4C-FINAL-024	OGDHL
PF4C-FINAL-025	ARHGAP12
PF4C-FINAL-025	CALN1
PF4C-FINAL-025	FAM171A1
PF4C-FINAL-025	H2AX
PF4C-FINAL-025	IDI1
PF4C-FINAL-025	NRG3
PF4C-FINAL-025	PHF11
PF4C-FINAL-025	PPM1M
PF4C-FINAL-025	PTDSS1
PF4C-FINAL-025	SCYL2
PF4C-FINAL-025	SEMA4G
PF4C-FINAL-026	ATP2B2
PF4C-FINAL-026	CACNA1B
PF4C-FINAL-026	CACNA1E
PF4C-FINAL-026	CACNA1I
PF4C-FINAL-026	CAMK2A
PF4C-FINAL-026	CAMK2B
PF4C-FINAL-026	CAMK4
PF4C-FINAL-026	F2R
PF4C-FINAL-026	GNAL
PF4C-FINAL-026	GRIN2A
PF4C-FINAL-026	GRM1
PF4C-FINAL-026	GRM5
PF4C-FINAL-026	NOS1
PF4C-FINAL-026	PDE1A
PF4C-FINAL-026	PDE1B
PF4C-FINAL-026	PRKCB
PF4C-FINAL-026	RYR2
PF4C-FINAL-026	SLC8A2
PF4C-FINAL-028	ABCC3
PF4C-FINAL-028	BST1
PF4C-FINAL-028	PTX3
PF4C-FINAL-028	SPP1
PF4C-FINAL-029	SOCS3
PF4C-FINAL-029	SPP1
PF4C-FINAL-029	TGFB2
PF4C-FINAL-029	VEGFA
PF4C-FINAL-032	CPEB3
PF4C-FINAL-032	CSDC2
PF4C-FINAL-032	DHX15
PF4C-FINAL-032	DICER1
PF4C-FINAL-032	DYRK1A
PF4C-FINAL-032	ECD
PF4C-FINAL-032	HNRNPH2
PF4C-FINAL-032	INTS6
PF4C-FINAL-032	KDM1A
PF4C-FINAL-032	METTL6
PF4C-FINAL-032	MYOD1
PF4C-FINAL-032	NSUN6
PF4C-FINAL-032	PQBP1
PF4C-FINAL-032	RCL1
PF4C-FINAL-032	TRMT11
PF4C-FINAL-032	TRMT2B
PF4C-FINAL-032	TSLIG2
PF4C-FINAL-032	TYW1
PF4C-FINAL-032	ZFP36L1
PF4C-FINAL-036	CLU
PF4C-FINAL-036	CNN3
PF4C-FINAL-036	ETV1
PF4C-FINAL-036	GFAP
PF4C-FINAL-036	GPM6A
PF4C-FINAL-036	PTN
PF4C-FINAL-036	PTPRZ1
PF4C-FINAL-036	SCG3
PF4C-FINAL-036	SCRG1
PF4C-FINAL-036	SERPINE2
PF4C-FINAL-036	SOX2
PF4C-FINAL-036	SPARCL1
PF4C-FINAL-037	ANXA2
PF4C-FINAL-037	CDC73
PF4C-FINAL-037	FEN1
PF4C-FINAL-037	GANAB
PF4C-FINAL-037	HNRNPA0
PF4C-FINAL-037	IGF2BP3
PF4C-FINAL-037	LCK
PF4C-FINAL-037	PPP1R1B
PF4C-FINAL-037	RMI2
PF4C-FINAL-037	ZGPAT
PF4C-FINAL-039	AURKB
PF4C-FINAL-039	CDK4
PF4C-FINAL-039	KCNN4
PF4C-FINAL-039	MKX
PF4C-FINAL-039	NBPF8
PF4C-FINAL-039	NOG
PF4C-FINAL-039	P2RY6
PF4C-FINAL-039	RARRES1
PF4C-FINAL-039	SLC25A43
PF4C-FINAL-039	STEAP1
PF4C-FINAL-039	TSKU
PF4C-FINAL-041	CLEC5A
PF4C-FINAL-041	LDHA
PF4C-FINAL-041	MAPK8
PF4C-FINAL-041	PLCB1
PF4C-FINAL-041	TMBIM1
PF4C-FINAL-041	TNFAIP6
PF4C-FINAL-042	CORO1A
PF4C-FINAL-042	FASN
PF4C-FINAL-042	HSPA5
PF4C-FINAL-042	IL2RG
PF4C-FINAL-042	LEF1
PF4C-FINAL-042	MCM2
PF4C-FINAL-042	NFIL3
PF4C-FINAL-042	PML
PF4C-FINAL-042	RPL3
PF4C-FINAL-042	TUBA1B
PF4C-FINAL-043	BSCL2
PF4C-FINAL-043	CCL2
PF4C-FINAL-043	CLEC5A
PF4C-FINAL-043	GPRASP1
PF4C-FINAL-043	HOXA5
PF4C-FINAL-043	HOXC6
PF4C-FINAL-043	PTX3
PF4C-FINAL-044	DHTKD1
PF4C-FINAL-044	GLUD1
PF4C-FINAL-044	OGDH
PF4C-FINAL-044	PSMB8
PF4C-FINAL-044	PSMB9
PF4C-FINAL-044	PSMC1
PF4C-FINAL-044	PSMC5
PF4C-FINAL-044	PSMD12
PF4C-FINAL-044	PSMD3
PF4C-FINAL-044	PSMD5
PF4C-FINAL-044	PSMD6
PF4C-FINAL-044	PSMF1
PF4C-FINAL-045	ACACA
PF4C-FINAL-045	ACSL1
PF4C-FINAL-045	ACSL6
PF4C-FINAL-045	AKR1C3
PF4C-FINAL-045	ANO6
PF4C-FINAL-045	AURKA
PF4C-FINAL-045	BAP1
PF4C-FINAL-045	CDKN1A
PF4C-FINAL-045	CISD1
PF4C-FINAL-045	CP
PF4C-FINAL-045	CYBB
PF4C-FINAL-045	G3BP1
PF4C-FINAL-045	G6PD
PF4C-FINAL-045	GLS2
PF4C-FINAL-045	HMOX1
PF4C-FINAL-045	HSPB1
PF4C-FINAL-045	LOX
PF4C-FINAL-045	MAP3K5
PF4C-FINAL-045	PCBP1
PF4C-FINAL-045	PGD
PF4C-FINAL-045	PRNP
PF4C-FINAL-045	RB1
PF4C-FINAL-045	STEAP3
PF4C-FINAL-045	TF
PF4C-FINAL-045	TP53
PF4C-FINAL-046	ACTB
PF4C-FINAL-046	CLNS1A
PF4C-FINAL-046	DYDC1
PF4C-FINAL-046	EED
PF4C-FINAL-046	EZH2
PF4C-FINAL-046	MACROH2A2
PF4C-FINAL-046	MEN1
PF4C-FINAL-046	METTL1
PF4C-FINAL-046	PHF1
PF4C-FINAL-046	PPP1CA
PF4C-FINAL-046	SIRT1
PF4C-FINAL-046	SUZ12
PF4C-FINAL-049	ABCD1
PF4C-FINAL-049	ACADSB
PF4C-FINAL-049	CEL
PF4C-FINAL-049	CPT2
PF4C-FINAL-049	GCDH
PF4C-FINAL-049	NUDT19
PF4C-FINAL-049	PCCA
PF4C-FINAL-049	PEX13
PF4C-FINAL-050	BIRC5
PF4C-FINAL-050	FAM125B
PF4C-FINAL-050	HDAC4
PF4C-FINAL-050	MT1E
PF4C-FINAL-050	RAB1A
PF4C-FINAL-050	SFXN4
PF4C-FINAL-050	TEAD2
PF4C-FINAL-050	TPX2
PF4C-FINAL-050	TUBA1B
PF4C-FINAL-051	ACN9
PF4C-FINAL-051	AFTPH
PF4C-FINAL-051	ALS2CR4
PF4C-FINAL-051	AMIGO2
PF4C-FINAL-051	ANGPTL1
PF4C-FINAL-051	ARHGAP32
PF4C-FINAL-051	ARHGAP39
PF4C-FINAL-051	ASF1A
PF4C-FINAL-051	C10ORF88
PF4C-FINAL-051	C11ORF71
PF4C-FINAL-051	CASP8
PF4C-FINAL-051	EFNB2
PF4C-FINAL-051	GPNMB
PF4C-FINAL-051	IL13RA2
PF4C-FINAL-051	ITGA7
PF4C-FINAL-051	LDHA
PF4C-FINAL-051	LMAN2L
PF4C-FINAL-051	LOC283027
PF4C-FINAL-051	LOXL3
PF4C-FINAL-051	MED29
PF4C-FINAL-051	MRRF
PF4C-FINAL-051	RPL12
PF4C-FINAL-051	SLC25A19
PF4C-FINAL-051	ST6GAL2
PF4C-FINAL-051	TBC1D19
PF4C-FINAL-052	AFTPH
PF4C-FINAL-052	ASF1A
PF4C-FINAL-052	ITGA7
PF4C-FINAL-053	AGTPBP1
PF4C-FINAL-053	ALCAM
PF4C-FINAL-053	ALKBH4
PF4C-FINAL-053	AMIGO2
PF4C-FINAL-053	AMOT
PF4C-FINAL-053	AP4M1
PF4C-FINAL-053	ARNTL
PF4C-FINAL-053	ATP1B1
PF4C-FINAL-053	BCAP29
PF4C-FINAL-053	BRF2
PF4C-FINAL-053	C13ORF18
PF4C-FINAL-053	C1ORF176
PF4C-FINAL-053	C7ORF26
PF4C-FINAL-053	C8ORF44
PF4C-FINAL-053	C9ORF53
PF4C-FINAL-053	CDC42EP2
PF4C-FINAL-053	CHD3
PF4C-FINAL-053	CST4
PF4C-FINAL-053	EFNA5
PF4C-FINAL-053	FBXO7
PF4C-FINAL-053	FKRP
PF4C-FINAL-053	FLJ21963
PF4C-FINAL-053	FOXO4
PF4C-FINAL-053	FXYD5
PF4C-FINAL-053	FZD7
PF4C-FINAL-053	GTF2A1
PF4C-FINAL-053	HUS1
PF4C-FINAL-053	ITPKC
PF4C-FINAL-053	KCNE4
PF4C-FINAL-053	KCNF1
PF4C-FINAL-053	LAMB4
PF4C-FINAL-053	LFNG
PF4C-FINAL-053	LHX6
PF4C-FINAL-053	LZTS1
PF4C-FINAL-053	MEOX2
PF4C-FINAL-053	MGST3
PF4C-FINAL-053	MNX1
PF4C-FINAL-053	MYO1D
PF4C-FINAL-053	NANS
PF4C-FINAL-053	NPAS3
PF4C-FINAL-053	PCDHGC3
PF4C-FINAL-053	PDE4B
PF4C-FINAL-053	PDLIM1
PF4C-FINAL-053	PLEKHA4
PF4C-FINAL-053	PTPRK
PF4C-FINAL-053	RGS6
PF4C-FINAL-053	RORA
PF4C-FINAL-053	RPS6KA5
PF4C-FINAL-053	SEMA6D
PF4C-FINAL-053	SIGLEC9
PF4C-FINAL-053	SLC38A1
PF4C-FINAL-053	SLC4A4
PF4C-FINAL-053	SPATA6
PF4C-FINAL-053	STK17A
PF4C-FINAL-053	TMC6
PF4C-FINAL-053	TNFAIP6
PF4C-FINAL-053	TPBG
PF4C-FINAL-053	VRK3
PF4C-FINAL-053	ZNF492
PF4C-FINAL-053	ZNF576
PF4C-FINAL-053	ZNF593
PF4C-FINAL-054	ARNTL
PF4C-FINAL-054	BRF2
PF4C-FINAL-054	CHD3
PF4C-FINAL-054	FOXO4
PF4C-FINAL-054	GTF2A1
PF4C-FINAL-054	LHX6
PF4C-FINAL-054	LZTS1
PF4C-FINAL-054	MEOX2
PF4C-FINAL-054	MNX1
PF4C-FINAL-054	NPAS3
PF4C-FINAL-054	PDLIM1
PF4C-FINAL-054	PTPRK
PF4C-FINAL-054	RORA
PF4C-FINAL-054	RPS6KA5
PF4C-FINAL-054	ZNF492
PF4C-FINAL-054	ZNF576
PF4C-FINAL-054	ZNF593
PF4C-FINAL-055	ALCAM
PF4C-FINAL-055	AMIGO2
PF4C-FINAL-055	LAMB4
PF4C-FINAL-055	PCDHGC3
PF4C-FINAL-055	PTPRK
PF4C-FINAL-055	SIGLEC9
PF4C-FINAL-055	TNFAIP6
PF4C-FINAL-055	TPBG
PF4C-FINAL-056	ALCAM
PF4C-FINAL-056	CST4
PF4C-FINAL-056	KCNF1
PF4C-FINAL-056	LHX6
PF4C-FINAL-056	SPATA6
PF4C-FINAL-057	CD40
PF4C-FINAL-057	CD40LG
PF4C-FINAL-057	NGFR
PF4C-FINAL-057	TNFRSF10A
PF4C-FINAL-057	TNFRSF10B
PF4C-FINAL-057	TNFRSF11A
PF4C-FINAL-057	TNFRSF11B
PF4C-FINAL-057	TNFRSF12A
PF4C-FINAL-057	TNFRSF14
PF4C-FINAL-057	TNFRSF19
PF4C-FINAL-057	TNFRSF1A
PF4C-FINAL-057	TNFSF13
PF4C-FINAL-057	TNFSF14
PF4C-FINAL-057	TNFSF4
PF4C-FINAL-058	CD38
PF4C-FINAL-058	NADK
PF4C-FINAL-058	NAPRT
PF4C-FINAL-058	NMNAT3
PF4C-FINAL-058	PARP6
PF4C-FINAL-058	PARP9
PF4C-FINAL-060	BANK1
PF4C-FINAL-060	CCL2
PF4C-FINAL-060	CD79B
PF4C-FINAL-060	CKAP4
PF4C-FINAL-060	CXCL1
PF4C-FINAL-060	CXCL6
PF4C-FINAL-060	DRAM1
PF4C-FINAL-060	DUSP5
PF4C-FINAL-060	LITAF
PF4C-FINAL-060	MTHFD2
PF4C-FINAL-060	OGFR
PF4C-FINAL-060	SPON2
PF4C-FINAL-061	GYS1
PF4C-FINAL-061	LRPPRC
PF4C-FINAL-061	RPN1
PF4C-FINAL-062	AKAP6
PF4C-FINAL-062	CAPG
PF4C-FINAL-062	CHN1
PF4C-FINAL-062	DAB2
PF4C-FINAL-062	GPRASP1
PF4C-FINAL-062	LSAMP
PF4C-FINAL-062	NDN
PF4C-FINAL-062	NNAT
PF4C-FINAL-062	PPIC
PF4C-FINAL-063	MUL1
PF4C-FINAL-063	NPC1
PF4C-FINAL-063	TRIM13
PF4C-FINAL-065	ACADS
PF4C-FINAL-065	ADSL
PF4C-FINAL-065	BMP2
PF4C-FINAL-065	ELANE
PF4C-FINAL-065	MYD88
PF4C-FINAL-065	SLC9A1
PF4C-FINAL-065	SOAT2
PF4C-FINAL-066	ANXA2
PF4C-FINAL-066	ANXA5
PF4C-FINAL-066	GPX8
PF4C-FINAL-066	TM7SF2
PF4C-FINAL-066	TNFRSF12A
PF4C-FINAL-067	ALB
PF4C-FINAL-067	AOC1
PF4C-FINAL-067	AQP1
PF4C-FINAL-067	CDK1
PF4C-FINAL-067	HEPHL1
PF4C-FINAL-067	IL1A
PF4C-FINAL-067	LCAT
PF4C-FINAL-067	LOX
PF4C-FINAL-067	LOXL2
PF4C-FINAL-067	LOXL3
PF4C-FINAL-067	MOXD1
PF4C-FINAL-067	MT-CO2
PF4C-FINAL-067	MT1G
PF4C-FINAL-067	MT1M
PF4C-FINAL-067	MT1X
PF4C-FINAL-067	SNCG
PF4C-FINAL-067	STEAP3
PF4C-FINAL-067	XAF1
PF4C-FINAL-067	XIAP
PF4C-FINAL-068	IFIT5
PF4C-FINAL-068	ISG20
PF4C-FINAL-068	PARP12
PF4C-FINAL-069	PLK1
PF4C-FINAL-069	PLK2
PF4C-FINAL-069	PLK3
PF4C-FINAL-069	PLK4
PF4C-FINAL-069	PLK5
PF4C-FINAL-070	AKR1C3
PF4C-FINAL-070	CBLN1
PF4C-FINAL-070	CLSTN2
PF4C-FINAL-070	CYP27C1
PF4C-FINAL-070	DDIT4
PF4C-FINAL-070	DLK1
PF4C-FINAL-070	EN1
PF4C-FINAL-070	FZD9
PF4C-FINAL-070	GBE1
PF4C-FINAL-070	GIMAP2
PF4C-FINAL-070	GNPDA2
PF4C-FINAL-070	HSPA6
PF4C-FINAL-070	LXN
PF4C-FINAL-070	P4HA1
PF4C-FINAL-070	PLCXD2
PF4C-FINAL-070	RBM3
PF4C-FINAL-070	S100A12
PF4C-FINAL-070	TMEM130
PF4C-FINAL-070	TMEM255A
PF4C-FINAL-071	CASP4
PF4C-FINAL-071	CASP5
PF4C-FINAL-071	CASP8
PF4C-FINAL-071	GSDMD
PF4C-FINAL-071	NLRC4
PF4C-FINAL-073	AURKA
PF4C-FINAL-073	EIF2S1
PF4C-FINAL-073	HSPA5
PF4C-FINAL-073	ISCU
PF4C-FINAL-073	MTOR
PF4C-FINAL-073	NFS1
PF4C-FINAL-073	RPL8
PF4C-FINAL-074	AKR1C3
PF4C-FINAL-074	ALOX12
PF4C-FINAL-074	CD44
PF4C-FINAL-074	CRYAB
PF4C-FINAL-074	FADS2
PF4C-FINAL-074	FANCD2
PF4C-FINAL-074	HSBP1
PF4C-FINAL-074	MT1G
PF4C-FINAL-074	NFE2L2
PF4C-FINAL-074	SAT1
PF4C-FINAL-074	ZEB1
PF4C-FINAL-078	ABL1
PF4C-FINAL-078	CCNA1
PF4C-FINAL-078	CCND1
PF4C-FINAL-078	CCNE1
PF4C-FINAL-078	CDC6
PF4C-FINAL-078	CDK2
PF4C-FINAL-078	CDKN1C
PF4C-FINAL-078	CDKN2A
PF4C-FINAL-078	DKK1
PF4C-FINAL-078	FZD3
PF4C-FINAL-078	FZD7
PF4C-FINAL-078	GADD45G
PF4C-FINAL-078	GHR
PF4C-FINAL-078	GSTT1
PF4C-FINAL-078	HSPA1B
PF4C-FINAL-078	ID4
PF4C-FINAL-078	IGFBP3
PF4C-FINAL-078	INHBB
PF4C-FINAL-078	IRS2
PF4C-FINAL-078	LIFR
PF4C-FINAL-078	PDGFRA
PF4C-FINAL-078	PIK3CA
PF4C-FINAL-078	PLA2G5
PF4C-FINAL-078	POLE3
PF4C-FINAL-078	PPARGC1A
PF4C-FINAL-078	PRKAR2B
PF4C-FINAL-078	PYGB
PF4C-FINAL-078	SFRP1
PF4C-FINAL-078	SFRP4
PF4C-FINAL-078	SH2B2
PF4C-FINAL-078	STAG3L4
PF4C-FINAL-078	STMN1
PF4C-FINAL-078	THBS2
PF4C-FINAL-078	THBS3
PF4C-FINAL-078	VEGFA
PF4C-FINAL-079	AGT
PF4C-FINAL-079	CALCRL
PF4C-FINAL-079	CCL2
PF4C-FINAL-079	CHI3L1
PF4C-FINAL-079	CPE
PF4C-FINAL-079	EGFR
PF4C-FINAL-079	IGFBPL1
PF4C-FINAL-079	MBP
PF4C-FINAL-079	MCF2
PF4C-FINAL-079	OLFM1
PF4C-FINAL-079	PACSIN1
PF4C-FINAL-079	SNCA
PF4C-FINAL-079	SOD2
PF4C-FINAL-079	TOP2A
PF4C-FINAL-080	BIRC3
PF4C-FINAL-080	BIRC5
PF4C-FINAL-080	CASP4
PF4C-FINAL-080	CASP9
PF4C-FINAL-080	GSDMD
PF4C-FINAL-080	MYD88
PF4C-FINAL-080	TNFRSF1A
PF4C-FINAL-081	C3AR1
PF4C-FINAL-081	CLCF1
PF4C-FINAL-081	EDNRB
PF4C-FINAL-081	HTR7
PF4C-FINAL-081	IGF2
PF4C-FINAL-081	KCNN4
PF4C-FINAL-081	NTRK1
PF4C-FINAL-081	OSMR
PF4C-FINAL-081	RETN
PF4C-FINAL-081	SLC18A3
PF4C-FINAL-082	CHI3L2
PF4C-FINAL-082	CLEC2B
PF4C-FINAL-082	CLEC5A
PF4C-FINAL-082	CLEC7A
PF4C-FINAL-082	COLEC12
PF4C-FINAL-082	FMOD
PF4C-FINAL-082	GPC4
PF4C-FINAL-082	LGALS1
PF4C-FINAL-082	LGALS3BP
PF4C-FINAL-082	LY75
PF4C-FINAL-082	MRC2
PF4C-FINAL-082	RENBP
PF4C-FINAL-082	SLC2A10
PF4C-FINAL-082	SRGN
PF4C-FINAL-085	ANXA1
PF4C-FINAL-085	BUB1B
PF4C-FINAL-085	IKBKB
PF4C-FINAL-085	PDIA4
PF4C-FINAL-085	RCC2
PF4C-FINAL-085	RPL4
PF4C-FINAL-085	TXNIP
PF4C-FINAL-085	VIM
PF4C-FINAL-086	ADCYAP1R1
PF4C-FINAL-086	ANGPTL2
PF4C-FINAL-086	APOBEC3C
PF4C-FINAL-086	BIRC5
PF4C-FINAL-086	BMP1
PF4C-FINAL-086	BMP2
PF4C-FINAL-086	CDK4
PF4C-FINAL-086	JAG2
PF4C-FINAL-086	MET
PF4C-FINAL-086	NRG3
PF4C-FINAL-086	S100A16
PF4C-FINAL-086	SSTR2
PF4C-FINAL-086	TNFRSF10B
PF4C-FINAL-086	TNFRSF19
PF4C-FINAL-086	VGF
PF4C-FINAL-087	ATP6AP1
PF4C-FINAL-087	ATP6AP2
PF4C-FINAL-087	ATP6V1C2
PF4C-FINAL-087	ATP6V1G2
PF4C-FINAL-087	TCIRG1
PF4C-FINAL-092	SOCS3
PF4C-FINAL-092	TEK
PF4C-FINAL-092	VEGFA
PF4C-FINAL-093	TRIM17
PF4C-FINAL-093	TRIM21
PF4C-FINAL-093	TRIM28
PF4C-FINAL-093	TRIM34
PF4C-FINAL-093	TRIM47
PF4C-FINAL-093	TRIM5
PF4C-FINAL-094	BTRC
PF4C-FINAL-094	CUL1
PF4C-FINAL-094	GRN
PF4C-FINAL-094	SIAH2
PF4C-FINAL-094	UBB
PF4C-FINAL-094	UBE2D2
PF4C-FINAL-094	UBE2D3
PF4C-FINAL-094	UBE2G2
PF4C-FINAL-094	UBE2S
PF4C-FINAL-094	UBE2Z
PF4C-FINAL-094	USP4
PF4C-FINAL-094	USP7
PF4C-FINAL-095	CD274
PF4C-FINAL-095	CD40
PF4C-FINAL-095	HAVCR2
PF4C-FINAL-095	NCR3LG1
PF4C-FINAL-095	TNFSF4
PF4C-FINAL-096	BRCA1
PF4C-FINAL-096	DZIP1L
PF4C-FINAL-096	HEXIM2
PF4C-FINAL-096	LARP4B
PF4C-FINAL-096	LSM11
PF4C-FINAL-096	PABPC1L2B
PF4C-FINAL-096	SARNP
PF4C-FINAL-096	SMN1
PF4C-FINAL-096	THOC3
PF4C-FINAL-096	ZC3H12B
PF4C-FINAL-096	ZC3H8
PF4C-FINAL-097	CRYL1
PF4C-FINAL-097	DCXR
PF4C-FINAL-097	SORD
PF4C-FINAL-097	UGT8
PF4C-FINAL-097	XYLB
PF4C-FINAL-099	C21ORF62
PF4C-FINAL-099	KCNIP2
PF4C-FINAL-099	MYBL2
PF4C-FINAL-099	TUBA1C
PF4C-FINAL-100	CASP4
PF4C-FINAL-100	CCDC109B
PF4C-FINAL-100	CHI3L1
PF4C-FINAL-100	EMP3
PF4C-FINAL-100	MSN
PF4C-FINAL-100	MYL12A
PF4C-FINAL-100	PLAUR
PF4C-FINAL-100	S100A4
PF4C-FINAL-100	TIMP1
PF4C-FINAL-102	ADORA1
PF4C-FINAL-102	ARNTL
PF4C-FINAL-102	ATR
PF4C-FINAL-102	BHLHE40
PF4C-FINAL-102	CHEK1
PF4C-FINAL-102	CHRNB2
PF4C-FINAL-102	CRH
PF4C-FINAL-102	CRY1
PF4C-FINAL-102	CRY2
PF4C-FINAL-102	CSNK1E
PF4C-FINAL-102	GHRHR
PF4C-FINAL-102	NPAS2
PF4C-FINAL-102	PER2
PF4C-FINAL-102	PER3
PF4C-FINAL-102	PTGDS
PF4C-FINAL-102	TIMELESS
PF4C-FINAL-103	ADRB3
PF4C-FINAL-103	CRCP
PF4C-FINAL-103	F2RL2
PF4C-FINAL-103	FZD1
PF4C-FINAL-103	GLP1R
PF4C-FINAL-103	GPBAR1
PF4C-FINAL-103	GPCR68
PF4C-FINAL-103	GPCR82
PF4C-FINAL-103	HTR7
PF4C-FINAL-103	TPRA1
PF4C-FINAL-105	RNF7
PF4C-FINAL-105	SOCS1
PF4C-FINAL-105	SOCS3
PF4C-FINAL-105	TCEB1
