public_script	source_authority	source_hash	extracted_or_original	expected_output	observed_output	tolerance	status	notes
analysis/01_inspect_signatures.R	GBM_SIGNATURE_FINAL_MEASUREMENT_ANATOMY_SYNTHESIS_V1/01_authority_snapshot/FROZEN_ECOLOGY_MEMBERSHIP.tsv	309dc28e46b81c4843eeabf6b8b675cac976a392218ca4fbaa6a9e05c3c0e05e	NEW_AGGREGATE_CHECK	95 unique MES genes;201 representations;1729 membership rows	95;201;1729	exact	PASS	Executed base-R assertions; definition inspection only, not transcriptome scoring.
analysis/02_patient_external_transfer.py	GBM_SIGNATURE_FINAL_MEASUREMENT_ANATOMY_SYNTHESIS_V1/scripts/20_wp2_identifiability.py	a65e003d540c6f409310d30053c00183bfa5309ff74231c3873d0d6795d025b4	EXTRACTED_NUMERICS	R2=0.17525034112478088;CI=0.10376469497212315,0.2761763469795455	R2=0.17525034112478088;CI=0.10376469497212315,0.2761763469795455	1e-12 absolute	PASS	Original kernels unchanged; real prepared arrays held privately. ALL_AUTHOR_ANNOTATED scope differs from malignant wording in manuscript Methods; not raw-data reconstruction.
analysis/03_anatomical_resolution.py	IVYGAP_PATHOLOGY_ANATOMY_EXTENSION_V1/scripts/10_run_analysis.py	6490ff7e8578d2cf5c5bd979772ec78e92a17ccc8934247dafa15c4efedd3feb	EXTRACTED_NUMERICS	195/201;R2=.4038960656015303;BA=.3500526315789473,.4744444444444444,.6541666666666667	"{""ALL5"":{""median_partial_r2"":0.4038960656015302,""associated_n"":195,""median_ba"":0.35005263157894734,""ba_ge_0_60"":2},""CORE3"":{""median_partial_r2"":0.29078115541887206,""associated_n"":172,""median_ba"":0.47444444444444445,""ba_ge_0_60"":28},""PAN_MVP"":{""median_partial_r2"":0.21563459879304184,""associated_n"":136,""median_ba"":0.6541666666666667,""ba_ge_0_60"":135}}"	1e-12 values;exact counts	PASS	Original kernels and 10000 association permutations retained; no classification null regeneration claimed. Prepared scores rebuilt from private frozen z matrix.
analysis/04_longitudinal_deformation.py	GBM_SIGNATURE_CONTEXT_DEFORMATION_DEEPENING_V3/15_code/10_wp1_intrinsic_dimension.py	b8bbc8ff64c5036a95799fb242984dff4b3cdbaa8bc228937c0e3038c2bec662	EXTRACTED_NUMERICS	CARE .761369297659027/.38287436971914457;GLASS .5901031458183693/.32072047999642456;GSE174554 .7303851226616707/.5064151789333295	All six comparisons within 4e-16	1e-12 inherited V2 regression tolerance	PASS	Only all-k LOPO curve is extracted. Dimension selection, sampling null, composition and residual modes are not regenerated by this script.
analysis/05_design_capability.R	RESULTS_DATA_FREEZE_20260916/R4/R4_RECOVERY_MATRIX.tsv	a8f21916f8faf844c815fd446808c180287eea4a274a582e48a58025db72fa2a	NEW_AGGREGATE_CHECK	8 prescribed;7 reachable;3 complete and4 zero recovery;FINAL053 Pmin=.0625	8;7;3;4;.0625	exact counts;exact .0625	PASS	Aggregate validation only; planted-world generator not included. Donor-indexed k_b column explicitly excluded.
analysis/06_crc04_exact_inference.R	GBM_ACT6_EVALUABLY_IMPLEMENTATION_V1/ACT6_POSTFREEZE_CRC04/10_MEASUREMENT_CALLBACKS.R	fbd17701ee5e8a873454fa465299dbe8ca05c818d2db2cea34b81881d35ade67	EXTRACTED_NUMERICS	T=1.5957232514584607;P=.03125;support512;Pmin=.001953125	T=1.5957232514584607;P=.03125;support512;Pmin=.001953125	exact p/support;1e-12 statistic	PASS	Original crc04_measure, exact test and support kernels preserved. Additional --source-rds run verified hash-pinned public281-segment RDS,85 eligible segments,9 patients,T=1.5957232514584607,P=.03125. Data-access slots replace Biobase accessor wrappers only;no analytic change. Historical intermediate exact-equality discrepancy retained.
analysis/07_sampling_composition.py	GBM_SIGNATURE_CONTEXT_DEFORMATION_DEEPENING_V3/15_code/40_wp2_wp4_sampling_composition.py	80040a79ac5e88b4c0b71f9fb6bb008b1b09c6dd947be08f9030b5440d0863a5	EXTRACTED_NUMERICS	"{""patient_n"": 56, ""observed_median"": 10.622147455181775, ""null_median"": 3.6800019805663737, ""above_own_95"": 54, ""composition_n"": 46, ""composition_energy"": 0.09247955248627365, ""reconstruction_cosine"": 0.9154384849500012, ""sensitivity_n"": 53, ""sensitivity_energy"": 0.0917841676274787}"	"{""patient_n"": 56, ""observed_median"": 10.622147455181775, ""null_median"": 3.6800019805663737, ""above_own_95"": 54, ""composition_n"": 46, ""composition_energy"": 0.09247955248627374, ""reconstruction_cosine"": 0.9154384849500015, ""sensitivity_n"": 53, ""sensitivity_energy"": 0.09178416762747882}"	1e-12 numerical;exact counts;half last printed decimal for rounded manuscript numbers	PASS	Frozen numerical functions/loops retained; source-dependent frozen project inputs. Patient outputs forced outside repository. Withheld class-contrast bootstrap and duplicate output files removed.
analysis/08_aggregate_evidence.py	RESULTS_DATA_FREEZE_20260916/receipts/build_results_freeze.py	2fcb0c440645115d1c304d5592f11ce46a3abf393eb260504a7cfa4c5f6bae1f	NEW_AGGREGATE_CHECK	19370/20100 zero-overlap;four localization classes;rho=.804;0/10 modes;reference partitions;CRC04 scope	"{
  ""zero_overlap"": 19370,
  ""pair_n"": 20100,
  ""median_jaccard"": 0.0,
  ""matched_p_structure"": 0.000999000999000999,
  ""matched_p_CGGA693_variance"": 1.0,
  ""localization"": {
    ""malignant-dominant"": 130,
    ""TME-dominant"": 35,
    ""unstable"": 20,
    ""mixed"": 16
  },
  ""ivy_rho"": 0.8041288606472587,
  ""geomx_ba"": 0.602040816327,
  ""stable_modes"": 0,
  ""supported_dimensions"": {
    ""CARE"": [
      7,
      16
    ],
    ""GLASS"": [
      3,
      12
    ],
    ""GSE174554"": [
      2,
      11
    ]
  },
  ""null_calibration_rows"": 10,
  ""historical_world_n"": 640,
  ""historical_counts"": [
    140,
    114,
    4,
    382
  ],
  ""formal_q100_counts"": [
    51,
    56,
    4,
    29
  ],
  ""protagonists"": {
    ""PF4C-B4-007"": {
      ""blocked_median_p"": 0.003,
      ""blocked_recovery"": 20,
      ""naive_recovery"": 0
    },
    ""PF4C-B4-029"": {
      ""blocked_median_p"": 0.1065,
      ""blocked_recovery"": 0,
      ""naive_recovery"": 0
    },
    ""PF4C-FINAL-079"": {
      ""blocked_median_p"": 0.24,
      ""blocked_recovery"": 0,
      ""naive_recovery"": 20
    }
  },
  ""crc04_intermediate_failures"": 4,
  ""additional_current_claim_checks"": ""PASS: universe,cohorts,overlap-control,spatial,CARE,descriptive matching,reference examples,claim records""
}"	1e-12 numerical;exact counts;half last printed decimal for rounded manuscript numbers	PASS	New deterministic aggregate checker; original scientific pipeline not reimplemented. Decimal-string tolerance comparison avoids a binary boundary artefact at .1065 versus displayed .107 without widening half-decimal tolerance.
